{"entities":{"pages":{"Ash-Docs":{"id":"Ash-Docs","title":"Ash Docs \u0026 Projects","url":"ash-docs.html","level":0,"tabIndex":0},"Index-Of-Projects":{"id":"Index-Of-Projects","title":"Index Of Projects","url":"index-of-projects.html","level":0,"tabIndex":1},"Ambiance":{"id":"Ambiance","title":"Ambiance","url":"ambiance.html","level":0,"tabIndex":2},"White-Pigeon":{"id":"White-Pigeon","title":"White Pigeon","url":"white-pigeon.html","level":0,"tabIndex":3}}},"topLevelIds":["Ash-Docs","Index-Of-Projects","Ambiance","White-Pigeon"]}