{"entities":{"pages":{"Ash-Docs":{"id":"Ash-Docs","title":"Ash Docs \u0026 Projects","url":"ash-docs.html","level":0,"tabIndex":0},"Index-Of-Projects":{"id":"Index-Of-Projects","title":"Index Of Projects","url":"index-of-projects.html","level":0,"tabIndex":1},"My-DSA-Practice":{"id":"My-DSA-Practice","title":"My DSA Practice","url":"my-dsa-practice.html","level":0,"tabIndex":2},"Ambiance":{"id":"Ambiance","title":"Ambiance","url":"ambiance.html","level":0,"tabIndex":3},"White-Pigeon":{"id":"White-Pigeon","title":"White Pigeon","url":"white-pigeon.html","level":0,"tabIndex":4},"Organizer-GS":{"id":"Organizer-GS","title":"Organizer.gs","url":"organizer-gs.html","level":0,"tabIndex":5},"Phishing-Tracer":{"id":"Phishing-Tracer","title":"Phishing Tracer","url":"phishing-tracer.html","level":0,"tabIndex":6},"Linux-Book":{"id":"Linux-Book","title":"Linux Book","url":"linux-book.html","level":0,"tabIndex":7}}},"topLevelIds":["Ash-Docs","Index-Of-Projects","My-DSA-Practice","Ambiance","White-Pigeon","Organizer-GS","Phishing-Tracer","Linux-Book"]}